{
  "formatVersion": 1,
  "database": {
    "version": 1,
    "identityHash": "1569b25bb8b179d5ea5abec331608dd1",
    "entities": [
      {
        "tableName": "MqMessageEntity",
        "createSql": "CREATE TABLE IF NOT EXISTS `${TABLE_NAME}` (`messageId` TEXT NOT NULL, `clientHandle` TEXT NOT NULL, `topic` TEXT NOT NULL, `mqttMessage` TEXT NOT NULL, `qos` INTEGER NOT NULL, `retained` INTEGER NOT NULL, `duplicate` INTEGER NOT NULL, `timestamp` INTEGER NOT NULL, PRIMARY KEY(`messageId`))",
        "fields": [
          {
            "fieldPath": "messageId",
            "columnName": "messageId",
            "affinity": "TEXT",
            "notNull": true
          },
          {
            "fieldPath": "clientHandle",
            "columnName": "clientHandle",
            "affinity": "TEXT",
            "notNull": true
          },
          {
            "fieldPath": "topic",
            "columnName": "topic",
            "affinity": "TEXT",
            "notNull": true
          },
          {
            "fieldPath": "mqttMessage",
            "columnName": "mqttMessage",
            "affinity": "TEXT",
            "notNull": true
          },
          {
            "fieldPath": "qos",
            "columnName": "qos",
            "affinity": "INTEGER",
            "notNull": true
          },
          {
            "fieldPath": "retained",
            "columnName": "retained",
            "affinity": "INTEGER",
            "notNull": true
          },
          {
            "fieldPath": "duplicate",
            "columnName": "duplicate",
            "affinity": "INTEGER",
            "notNull": true
          },
          {
            "fieldPath": "timestamp",
            "columnName": "timestamp",
            "affinity": "INTEGER",
            "notNull": true
          }
        ],
        "primaryKey": {
          "columnNames": [
            "messageId"
          ],
          "autoGenerate": false
        },
        "indices": [
          {
            "name": "index_MqMessageEntity_clientHandle",
            "unique": false,
            "columnNames": [
              "clientHandle"
            ],
            "createSql": "CREATE INDEX IF NOT EXISTS `index_MqMessageEntity_clientHandle` ON `${TABLE_NAME}` (`clientHandle`)"
          }
        ],
        "foreignKeys": []
      }
    ],
    "views": [],
    "setupQueries": [
      "CREATE TABLE IF NOT EXISTS room_master_table (id INTEGER PRIMARY KEY,identity_hash TEXT)",
      "INSERT OR REPLACE INTO room_master_table (id,identity_hash) VALUES(42, '1569b25bb8b179d5ea5abec331608dd1')"
    ]
  }
}