{
  "formatVersion": 1,
  "database": {
    "version": 2,
    "identityHash": "28d9483c66f87d7f10041b140dac8fe9",
    "entities": [
      {
        "tableName": "MqMessageEntity",
        "createSql": "CREATE TABLE IF NOT EXISTS `${TABLE_NAME}` (`messageId` TEXT NOT NULL, `clientHandle` TEXT NOT NULL, `topic` TEXT NOT NULL, `mqttMessage` TEXT NOT NULL, `qos` INTEGER NOT NULL, `retained` INTEGER NOT NULL, `duplicate` INTEGER NOT NULL, `timestamp` INTEGER NOT NULL, PRIMARY KEY(`messageId`))",
        "fields": [
          {
            "fieldPath": "messageId",
            "columnName": "messageId",
            "affinity": "TEXT",
            "notNull": true
          },
          {
            "fieldPath": "clientHandle",
            "columnName": "clientHandle",
            "affinity": "TEXT",
            "notNull": true
          },
          {
            "fieldPath": "topic",
            "columnName": "topic",
            "affinity": "TEXT",
            "notNull": true
          },
          {
            "fieldPath": "mqttMessage",
            "columnName": "mqttMessage",
            "affinity": "TEXT",
            "notNull": true
          },
          {
            "fieldPath": "qos",
            "columnName": "qos",
            "affinity": "INTEGER",
            "notNull": true
          },
          {
            "fieldPath": "retained",
            "columnName": "retained",
            "affinity": "INTEGER",
            "notNull": true
          },
          {
            "fieldPath": "duplicate",
            "columnName": "duplicate",
            "affinity": "INTEGER",
            "notNull": true
          },
          {
            "fieldPath": "timestamp",
            "columnName": "timestamp",
            "affinity": "INTEGER",
            "notNull": true
          }
        ],
        "primaryKey": {
          "autoGenerate": false,
          "columnNames": [
            "messageId"
          ]
        },
        "indices": [
          {
            "name": "index_MqMessageEntity_clientHandle",
            "unique": false,
            "columnNames": [
              "clientHandle"
            ],
            "orders": [],
            "createSql": "CREATE INDEX IF NOT EXISTS `index_MqMessageEntity_clientHandle` ON `${TABLE_NAME}` (`clientHandle`)"
          }
        ],
        "foreignKeys": []
      },
      {
        "tableName": "PingEntity",
        "createSql": "CREATE TABLE IF NOT EXISTS `${TABLE_NAME}` (`timestamp` INTEGER NOT NULL, `clientId` TEXT, `serverURI` TEXT, `success` INTEGER NOT NULL, `message` TEXT, PRIMARY KEY(`timestamp`))",
        "fields": [
          {
            "fieldPath": "timestamp",
            "columnName": "timestamp",
            "affinity": "INTEGER",
            "notNull": true
          },
          {
            "fieldPath": "clientId",
            "columnName": "clientId",
            "affinity": "TEXT",
            "notNull": false
          },
          {
            "fieldPath": "serverURI",
            "columnName": "serverURI",
            "affinity": "TEXT",
            "notNull": false
          },
          {
            "fieldPath": "success",
            "columnName": "success",
            "affinity": "INTEGER",
            "notNull": true
          },
          {
            "fieldPath": "message",
            "columnName": "message",
            "affinity": "TEXT",
            "notNull": false
          }
        ],
        "primaryKey": {
          "autoGenerate": false,
          "columnNames": [
            "timestamp"
          ]
        },
        "indices": [
          {
            "name": "index_PingEntity_timestamp",
            "unique": false,
            "columnNames": [
              "timestamp"
            ],
            "orders": [],
            "createSql": "CREATE INDEX IF NOT EXISTS `index_PingEntity_timestamp` ON `${TABLE_NAME}` (`timestamp`)"
          }
        ],
        "foreignKeys": []
      }
    ],
    "views": [],
    "setupQueries": [
      "CREATE TABLE IF NOT EXISTS room_master_table (id INTEGER PRIMARY KEY,identity_hash TEXT)",
      "INSERT OR REPLACE INTO room_master_table (id,identity_hash) VALUES(42, '28d9483c66f87d7f10041b140dac8fe9')"
    ]
  }
}