{
  "formatVersion": 1,
  "database": {
    "version": 2,
    "identityHash": "4bd86cfd0268439fcd2032ae730d7350",
    "entities": [
      {
        "tableName": "ConnectionEntity",
        "createSql": "CREATE TABLE IF NOT EXISTS `${TABLE_NAME}` (`clientHandle` TEXT NOT NULL, `host` TEXT NOT NULL, `clientId` TEXT NOT NULL, `port` INTEGER NOT NULL, `ssl` INTEGER NOT NULL, `timeout` INTEGER NOT NULL, `keepAlive` INTEGER NOT NULL, `userName` TEXT, `userPass` TEXT, `cleanSession` INTEGER NOT NULL, `topic` TEXT, `message` TEXT NOT NULL, `qos` INTEGER NOT NULL, `retained` INTEGER NOT NULL, `isAutomaticReconnect` INTEGER NOT NULL, PRIMARY KEY(`clientHandle`))",
        "fields": [
          {
            "fieldPath": "clientHandle",
            "columnName": "clientHandle",
            "affinity": "TEXT",
            "notNull": true
          },
          {
            "fieldPath": "host",
            "columnName": "host",
            "affinity": "TEXT",
            "notNull": true
          },
          {
            "fieldPath": "clientId",
            "columnName": "clientId",
            "affinity": "TEXT",
            "notNull": true
          },
          {
            "fieldPath": "port",
            "columnName": "port",
            "affinity": "INTEGER",
            "notNull": true
          },
          {
            "fieldPath": "ssl",
            "columnName": "ssl",
            "affinity": "INTEGER",
            "notNull": true
          },
          {
            "fieldPath": "timeout",
            "columnName": "timeout",
            "affinity": "INTEGER",
            "notNull": true
          },
          {
            "fieldPath": "keepAlive",
            "columnName": "keepAlive",
            "affinity": "INTEGER",
            "notNull": true
          },
          {
            "fieldPath": "userName",
            "columnName": "userName",
            "affinity": "TEXT",
            "notNull": false
          },
          {
            "fieldPath": "userPass",
            "columnName": "userPass",
            "affinity": "TEXT",
            "notNull": false
          },
          {
            "fieldPath": "cleanSession",
            "columnName": "cleanSession",
            "affinity": "INTEGER",
            "notNull": true
          },
          {
            "fieldPath": "topic",
            "columnName": "topic",
            "affinity": "TEXT",
            "notNull": false
          },
          {
            "fieldPath": "message",
            "columnName": "message",
            "affinity": "TEXT",
            "notNull": true
          },
          {
            "fieldPath": "qos",
            "columnName": "qos",
            "affinity": "INTEGER",
            "notNull": true
          },
          {
            "fieldPath": "retained",
            "columnName": "retained",
            "affinity": "INTEGER",
            "notNull": true
          },
          {
            "fieldPath": "isAutomaticReconnect",
            "columnName": "isAutomaticReconnect",
            "affinity": "INTEGER",
            "notNull": true
          }
        ],
        "primaryKey": {
          "autoGenerate": false,
          "columnNames": [
            "clientHandle"
          ]
        },
        "indices": [],
        "foreignKeys": []
      },
      {
        "tableName": "SubscriptionEntity",
        "createSql": "CREATE TABLE IF NOT EXISTS `${TABLE_NAME}` (`clientHandle` TEXT NOT NULL, `topic` TEXT NOT NULL, `notify` INTEGER NOT NULL, `qos` INTEGER NOT NULL, PRIMARY KEY(`clientHandle`))",
        "fields": [
          {
            "fieldPath": "clientHandle",
            "columnName": "clientHandle",
            "affinity": "TEXT",
            "notNull": true
          },
          {
            "fieldPath": "topic",
            "columnName": "topic",
            "affinity": "TEXT",
            "notNull": true
          },
          {
            "fieldPath": "notify",
            "columnName": "notify",
            "affinity": "INTEGER",
            "notNull": true
          },
          {
            "fieldPath": "qos",
            "columnName": "qos",
            "affinity": "INTEGER",
            "notNull": true
          }
        ],
        "primaryKey": {
          "autoGenerate": false,
          "columnNames": [
            "clientHandle"
          ]
        },
        "indices": [],
        "foreignKeys": []
      }
    ],
    "views": [],
    "setupQueries": [
      "CREATE TABLE IF NOT EXISTS room_master_table (id INTEGER PRIMARY KEY,identity_hash TEXT)",
      "INSERT OR REPLACE INTO room_master_table (id,identity_hash) VALUES(42, '4bd86cfd0268439fcd2032ae730d7350')"
    ]
  }
}